[
  {
    "model": "contenttypes.contenttype",
    "pk": 17,
    "fields": {
      "app_label": "admin",
      "model": "logentry"
    }
  },
  {
    "model": "contenttypes.contenttype",
    "pk": 18,
    "fields": {
      "app_label": "auth",
      "model": "permission"
    }
  },
  {
    "model": "contenttypes.contenttype",
    "pk": 19,
    "fields": {
      "app_label": "auth",
      "model": "group"
    }
  },
  {
    "model": "contenttypes.contenttype",
    "pk": 20,
    "fields": {
      "app_label": "contenttypes",
      "model": "contenttype"
    }
  },
  {
    "model": "contenttypes.contenttype",
    "pk": 21,
    "fields": {
      "app_label": "sessions",
      "model": "session"
    }
  },
  {
    "model": "contenttypes.contenttype",
    "pk": 22,
    "fields": {
      "app_label": "sites",
      "model": "site"
    }
  },
  {
    "model": "contenttypes.contenttype",
    "pk": 23,
    "fields": {
      "app_label": "account",
      "model": "emailaddress"
    }
  },
  {
    "model": "contenttypes.contenttype",
    "pk": 24,
    "fields": {
      "app_label": "account",
      "model": "emailconfirmation"
    }
  },
  {
    "model": "contenttypes.contenttype",
    "pk": 25,
    "fields": {
      "app_label": "socialaccount",
      "model": "socialapp"
    }
  },
  {
    "model": "contenttypes.contenttype",
    "pk": 26,
    "fields": {
      "app_label": "socialaccount",
      "model": "socialaccount"
    }
  },
  {
    "model": "contenttypes.contenttype",
    "pk": 27,
    "fields": {
      "app_label": "socialaccount",
      "model": "socialtoken"
    }
  },
  {
    "model": "contenttypes.contenttype",
    "pk": 28,
    "fields": {
      "app_label": "prod",
      "model": "product"
    }
  },
  {
    "model": "contenttypes.contenttype",
    "pk": 29,
    "fields": {
      "app_label": "prod",
      "model": "user"
    }
  },
  {
    "model": "contenttypes.contenttype",
    "pk": 30,
    "fields": {
      "app_label": "prod",
      "model": "comment"
    }
  },
  {
    "model": "contenttypes.contenttype",
    "pk": 31,
    "fields": {
      "app_label": "prod",
      "model": "vote"
    }
  },
  {
    "model": "contenttypes.contenttype",
    "pk": 32,
    "fields": {
      "app_label": "thumbnail",
      "model": "kvstore"
    }
  },
  {
    "model": "sessions.session",
    "pk": "h2hzedko4edq0fji2xv8p89xy4b9ptns",
    "fields": {
      "session_data": "ODk5NjViZmE1MWMxNTZhYzFhNmVhOGU4YTU2Y2FiMjhhYTU1MDlhNzp7ImFsbGF1dGhfZmFjZWJvb2tfbm9uY2UiOiJNejlObjVnZUNqdU94N1lkQnd1amtZTlpTOWNrbkRjbiIsIl9hdXRoX3VzZXJfaWQiOiIyIiwiX2F1dGhfdXNlcl9iYWNrZW5kIjoiZGphbmdvLmNvbnRyaWIuYXV0aC5iYWNrZW5kcy5Nb2RlbEJhY2tlbmQiLCJfYXV0aF91c2VyX2hhc2giOiI5N2MyMDJmNGY1MzEyOWE0NWQyZGFkZmJkYzllMDQ0MGJkYTA3MTcyIn0=",
      "expire_date": "2017-12-12T10:34:32.480Z"
    }
  },
  {
    "model": "sites.site",
    "pk": 2,
    "fields": {
      "domain": "localhost:8000",
      "name": "http://localhost:8000/"
    }
  },
  {
    "model": "socialaccount.socialapp",
    "pk": 2,
    "fields": {
      "provider": "facebook",
      "name": "SocialApp",
      "client_id": "1411081858990551",
      "secret": "21700d497969422e99ee278b5c84efa4",
      "key": "",
      "sites": [
        2
      ]
    }
  },
  {
    "model": "socialaccount.socialtoken",
    "pk": 4,
    "fields": {
      "app": 2,
      "account": 4,
      "token": "EAAUDXxj0QdcBACWbMkOpbBV857m1stZCsCPHGZCjy2ZCCyszne3ymEKaySsRTWFRuftXvmq2hwmRJZC29o7ksNJ10sjP5jNpDcW1t7ZAemxvdSmTFnCseZBuxprftLTILNHZCD6vWNO07TJb1zwpQp4ljAJGX9aQZCb8WAGz6K18M5ZABDg3vIGduoD8bZBUBQBJ1WcuX4ZCzPIWzeHUMQ1DDHn",
      "token_secret": "",
      "expires_at": "2018-01-19T11:21:55.058Z"
    }
  },
  {
    "model": "prod.product",
    "pk": 2,
    "fields": {
      "name": "iPhone X",
      "slug": "iphonex",
      "description": "best phone evar",
      "price": "1000.00",
      "rate": 9,
      "created_at": "2017-11-18T00:52:46.870Z",
      "modified_at": "2017-11-28T22:21:14.738Z",
      "cover": "assets/images/20141020_003.jpeg"
    }
  },
  {
    "model": "prod.product",
    "pk": 3,
    "fields": {
      "name": "Samsung Galaxy Note 8",
      "slug": "note8",
      "description": "omaga omaga",
      "price": "1100.00",
      "rate": 5,
      "created_at": "2017-11-19T18:38:31.069Z",
      "modified_at": "2017-11-28T22:36:45.274Z",
      "cover": "assets/images/baby_steps-2.jpeg"
    }
  },
  {
    "model": "auth.permission",
    "pk": 49,
    "fields": {
      "name": "Can add log entry",
      "content_type": 17,
      "codename": "add_logentry"
    }
  },
  {
    "model": "auth.permission",
    "pk": 50,
    "fields": {
      "name": "Can change log entry",
      "content_type": 17,
      "codename": "change_logentry"
    }
  },
  {
    "model": "auth.permission",
    "pk": 51,
    "fields": {
      "name": "Can delete log entry",
      "content_type": 17,
      "codename": "delete_logentry"
    }
  },
  {
    "model": "auth.permission",
    "pk": 52,
    "fields": {
      "name": "Can add permission",
      "content_type": 18,
      "codename": "add_permission"
    }
  },
  {
    "model": "auth.permission",
    "pk": 53,
    "fields": {
      "name": "Can change permission",
      "content_type": 18,
      "codename": "change_permission"
    }
  },
  {
    "model": "auth.permission",
    "pk": 54,
    "fields": {
      "name": "Can delete permission",
      "content_type": 18,
      "codename": "delete_permission"
    }
  },
  {
    "model": "auth.permission",
    "pk": 55,
    "fields": {
      "name": "Can add group",
      "content_type": 19,
      "codename": "add_group"
    }
  },
  {
    "model": "auth.permission",
    "pk": 56,
    "fields": {
      "name": "Can change group",
      "content_type": 19,
      "codename": "change_group"
    }
  },
  {
    "model": "auth.permission",
    "pk": 57,
    "fields": {
      "name": "Can delete group",
      "content_type": 19,
      "codename": "delete_group"
    }
  },
  {
    "model": "auth.permission",
    "pk": 58,
    "fields": {
      "name": "Can add content type",
      "content_type": 20,
      "codename": "add_contenttype"
    }
  },
  {
    "model": "auth.permission",
    "pk": 59,
    "fields": {
      "name": "Can change content type",
      "content_type": 20,
      "codename": "change_contenttype"
    }
  },
  {
    "model": "auth.permission",
    "pk": 60,
    "fields": {
      "name": "Can delete content type",
      "content_type": 20,
      "codename": "delete_contenttype"
    }
  },
  {
    "model": "auth.permission",
    "pk": 61,
    "fields": {
      "name": "Can add session",
      "content_type": 21,
      "codename": "add_session"
    }
  },
  {
    "model": "auth.permission",
    "pk": 62,
    "fields": {
      "name": "Can change session",
      "content_type": 21,
      "codename": "change_session"
    }
  },
  {
    "model": "auth.permission",
    "pk": 63,
    "fields": {
      "name": "Can delete session",
      "content_type": 21,
      "codename": "delete_session"
    }
  },
  {
    "model": "auth.permission",
    "pk": 64,
    "fields": {
      "name": "Can add site",
      "content_type": 22,
      "codename": "add_site"
    }
  },
  {
    "model": "auth.permission",
    "pk": 65,
    "fields": {
      "name": "Can change site",
      "content_type": 22,
      "codename": "change_site"
    }
  },
  {
    "model": "auth.permission",
    "pk": 66,
    "fields": {
      "name": "Can delete site",
      "content_type": 22,
      "codename": "delete_site"
    }
  },
  {
    "model": "auth.permission",
    "pk": 67,
    "fields": {
      "name": "Can add email address",
      "content_type": 23,
      "codename": "add_emailaddress"
    }
  },
  {
    "model": "auth.permission",
    "pk": 68,
    "fields": {
      "name": "Can change email address",
      "content_type": 23,
      "codename": "change_emailaddress"
    }
  },
  {
    "model": "auth.permission",
    "pk": 69,
    "fields": {
      "name": "Can delete email address",
      "content_type": 23,
      "codename": "delete_emailaddress"
    }
  },
  {
    "model": "auth.permission",
    "pk": 70,
    "fields": {
      "name": "Can add email confirmation",
      "content_type": 24,
      "codename": "add_emailconfirmation"
    }
  },
  {
    "model": "auth.permission",
    "pk": 71,
    "fields": {
      "name": "Can change email confirmation",
      "content_type": 24,
      "codename": "change_emailconfirmation"
    }
  },
  {
    "model": "auth.permission",
    "pk": 72,
    "fields": {
      "name": "Can delete email confirmation",
      "content_type": 24,
      "codename": "delete_emailconfirmation"
    }
  },
  {
    "model": "auth.permission",
    "pk": 73,
    "fields": {
      "name": "Can add social application",
      "content_type": 25,
      "codename": "add_socialapp"
    }
  },
  {
    "model": "auth.permission",
    "pk": 74,
    "fields": {
      "name": "Can change social application",
      "content_type": 25,
      "codename": "change_socialapp"
    }
  },
  {
    "model": "auth.permission",
    "pk": 75,
    "fields": {
      "name": "Can delete social application",
      "content_type": 25,
      "codename": "delete_socialapp"
    }
  },
  {
    "model": "auth.permission",
    "pk": 76,
    "fields": {
      "name": "Can add social account",
      "content_type": 26,
      "codename": "add_socialaccount"
    }
  },
  {
    "model": "auth.permission",
    "pk": 77,
    "fields": {
      "name": "Can change social account",
      "content_type": 26,
      "codename": "change_socialaccount"
    }
  },
  {
    "model": "auth.permission",
    "pk": 78,
    "fields": {
      "name": "Can delete social account",
      "content_type": 26,
      "codename": "delete_socialaccount"
    }
  },
  {
    "model": "auth.permission",
    "pk": 79,
    "fields": {
      "name": "Can add social application token",
      "content_type": 27,
      "codename": "add_socialtoken"
    }
  },
  {
    "model": "auth.permission",
    "pk": 80,
    "fields": {
      "name": "Can change social application token",
      "content_type": 27,
      "codename": "change_socialtoken"
    }
  },
  {
    "model": "auth.permission",
    "pk": 81,
    "fields": {
      "name": "Can delete social application token",
      "content_type": 27,
      "codename": "delete_socialtoken"
    }
  },
  {
    "model": "auth.permission",
    "pk": 82,
    "fields": {
      "name": "Can add product",
      "content_type": 28,
      "codename": "add_product"
    }
  },
  {
    "model": "auth.permission",
    "pk": 83,
    "fields": {
      "name": "Can change product",
      "content_type": 28,
      "codename": "change_product"
    }
  },
  {
    "model": "auth.permission",
    "pk": 84,
    "fields": {
      "name": "Can delete product",
      "content_type": 28,
      "codename": "delete_product"
    }
  },
  {
    "model": "auth.permission",
    "pk": 85,
    "fields": {
      "name": "Can add user",
      "content_type": 29,
      "codename": "add_user"
    }
  },
  {
    "model": "auth.permission",
    "pk": 86,
    "fields": {
      "name": "Can change user",
      "content_type": 29,
      "codename": "change_user"
    }
  },
  {
    "model": "auth.permission",
    "pk": 87,
    "fields": {
      "name": "Can delete user",
      "content_type": 29,
      "codename": "delete_user"
    }
  },
  {
    "model": "auth.permission",
    "pk": 88,
    "fields": {
      "name": "Can add comment",
      "content_type": 30,
      "codename": "add_comment"
    }
  },
  {
    "model": "auth.permission",
    "pk": 89,
    "fields": {
      "name": "Can change comment",
      "content_type": 30,
      "codename": "change_comment"
    }
  },
  {
    "model": "auth.permission",
    "pk": 90,
    "fields": {
      "name": "Can delete comment",
      "content_type": 30,
      "codename": "delete_comment"
    }
  },
  {
    "model": "auth.permission",
    "pk": 91,
    "fields": {
      "name": "Can add vote",
      "content_type": 31,
      "codename": "add_vote"
    }
  },
  {
    "model": "auth.permission",
    "pk": 92,
    "fields": {
      "name": "Can change vote",
      "content_type": 31,
      "codename": "change_vote"
    }
  },
  {
    "model": "auth.permission",
    "pk": 93,
    "fields": {
      "name": "Can delete vote",
      "content_type": 31,
      "codename": "delete_vote"
    }
  },
  {
    "model": "auth.permission",
    "pk": 94,
    "fields": {
      "name": "Can add kv store",
      "content_type": 32,
      "codename": "add_kvstore"
    }
  },
  {
    "model": "auth.permission",
    "pk": 95,
    "fields": {
      "name": "Can change kv store",
      "content_type": 32,
      "codename": "change_kvstore"
    }
  },
  {
    "model": "auth.permission",
    "pk": 96,
    "fields": {
      "name": "Can delete kv store",
      "content_type": 32,
      "codename": "delete_kvstore"
    }
  },
  {
    "model": "prod.user",
    "pk": 2,
    "fields": {
      "password": "pbkdf2_sha256$36000$h4D8UTMkjGnC$fohk77j1NVn8t7xLMcQoTS6RlR6DWUbRdv5IW9vcr7k=",
      "last_login": "2017-11-28T10:34:32.470Z",
      "is_superuser": true,
      "username": "krop",
      "first_name": "",
      "last_name": "",
      "email": "andrekropes@gmail.com",
      "is_staff": true,
      "is_active": true,
      "date_joined": "2017-11-15T08:35:18.823Z",
      "cover": "assets/images/20140406_003.jpeg",
      "bio": "fsfsfs",
      "rate": 0,
      "groups": [],
      "user_permissions": []
    }
  },
  {
    "model": "prod.user",
    "pk": 5,
    "fields": {
      "password": "!LtxeoxN8kEDstjnewNYsEo2nPOdEaoRQb4c8Pbct",
      "last_login": "2017-11-20T14:26:40.346Z",
      "is_superuser": false,
      "username": "andrekropes",
      "first_name": "\u0410\u043d\u0434\u0440\u0435\u0439",
      "last_name": "\u041a\u0440\u043e\u043f\u0438\u0432\u0430",
      "email": "andrekropes@yandex.ru",
      "is_staff": false,
      "is_active": true,
      "date_joined": "2017-11-17T23:24:10.301Z",
      "cover": "",
      "bio": "",
      "rate": 0,
      "groups": [],
      "user_permissions": []
    }
  },
  {
    "model": "prod.comment",
    "pk": 11,
    "fields": {
      "time_post": "2017-11-18T00:58:19.917Z",
      "time_edit": "2017-11-18T00:58:19.917Z",
      "user": 2,
      "product": 2,
      "form_message": "fsfsfs",
      "rate": 0
    }
  },
  {
    "model": "prod.comment",
    "pk": 12,
    "fields": {
      "time_post": "2017-11-18T00:58:55.441Z",
      "time_edit": "2017-11-18T00:58:55.441Z",
      "user": 2,
      "product": 2,
      "form_message": "ffff334",
      "rate": 0
    }
  },
  {
    "model": "prod.comment",
    "pk": 13,
    "fields": {
      "time_post": "2017-11-18T01:01:46.880Z",
      "time_edit": "2017-11-18T01:01:46.880Z",
      "user": 2,
      "product": 2,
      "form_message": "rwrwrwr",
      "rate": 0
    }
  },
  {
    "model": "prod.comment",
    "pk": 14,
    "fields": {
      "time_post": "2017-11-18T01:09:33.431Z",
      "time_edit": "2017-11-18T01:09:33.431Z",
      "user": 2,
      "product": 2,
      "form_message": "fdsfsf",
      "rate": 0
    }
  },
  {
    "model": "prod.comment",
    "pk": 15,
    "fields": {
      "time_post": "2017-11-18T01:12:01.800Z",
      "time_edit": "2017-11-18T01:12:01.800Z",
      "user": 2,
      "product": 2,
      "form_message": "fdfsfs",
      "rate": 0
    }
  },
  {
    "model": "prod.comment",
    "pk": 16,
    "fields": {
      "time_post": "2017-11-18T01:12:38.891Z",
      "time_edit": "2017-11-18T01:12:38.891Z",
      "user": 2,
      "product": 2,
      "form_message": "pidor",
      "rate": 0
    }
  },
  {
    "model": "prod.comment",
    "pk": 17,
    "fields": {
      "time_post": "2017-11-18T01:13:48.023Z",
      "time_edit": "2017-11-18T01:13:48.024Z",
      "user": 2,
      "product": 2,
      "form_message": "kekek",
      "rate": 0
    }
  },
  {
    "model": "prod.comment",
    "pk": 18,
    "fields": {
      "time_post": "2017-11-18T11:18:56.310Z",
      "time_edit": "2017-11-18T11:18:56.310Z",
      "user": 2,
      "product": 2,
      "form_message": "kekesss",
      "rate": 0
    }
  },
  {
    "model": "prod.comment",
    "pk": 19,
    "fields": {
      "time_post": "2017-11-18T11:31:51.742Z",
      "time_edit": "2017-11-18T11:31:51.742Z",
      "user": 2,
      "product": 2,
      "form_message": "privet",
      "rate": 0
    }
  },
  {
    "model": "prod.comment",
    "pk": 20,
    "fields": {
      "time_post": "2017-11-18T11:32:41.316Z",
      "time_edit": "2017-11-18T11:32:41.316Z",
      "user": 5,
      "product": 2,
      "form_message": "draduti",
      "rate": 0
    }
  },
  {
    "model": "prod.comment",
    "pk": 21,
    "fields": {
      "time_post": "2017-11-18T11:50:49.741Z",
      "time_edit": "2017-11-18T11:50:49.741Z",
      "user": 2,
      "product": 2,
      "form_message": "userok",
      "rate": 0
    }
  },
  {
    "model": "prod.comment",
    "pk": 22,
    "fields": {
      "time_post": "2017-11-18T12:29:48.714Z",
      "time_edit": "2017-11-18T12:29:48.714Z",
      "user": 2,
      "product": 2,
      "form_message": "fsfsf",
      "rate": 0
    }
  },
  {
    "model": "prod.comment",
    "pk": 23,
    "fields": {
      "time_post": "2017-11-18T12:29:55.959Z",
      "time_edit": "2017-11-18T12:29:55.959Z",
      "user": 2,
      "product": 2,
      "form_message": "kekeo",
      "rate": 0
    }
  },
  {
    "model": "prod.comment",
    "pk": 24,
    "fields": {
      "time_post": "2017-11-18T13:36:52.000Z",
      "time_edit": "2017-11-18T13:36:52.000Z",
      "user": 2,
      "product": 2,
      "form_message": "dfdfdf",
      "rate": 0
    }
  },
  {
    "model": "prod.comment",
    "pk": 25,
    "fields": {
      "time_post": "2017-11-18T13:43:51.670Z",
      "time_edit": "2017-11-18T13:43:51.670Z",
      "user": 2,
      "product": 2,
      "form_message": "sfsfsfddd",
      "rate": 0
    }
  },
  {
    "model": "prod.comment",
    "pk": 26,
    "fields": {
      "time_post": "2017-11-18T14:08:33.873Z",
      "time_edit": "2017-11-18T14:08:33.873Z",
      "user": 2,
      "product": 2,
      "form_message": "fsfs5",
      "rate": 0
    }
  },
  {
    "model": "prod.comment",
    "pk": 27,
    "fields": {
      "time_post": "2017-11-18T14:23:03.446Z",
      "time_edit": "2017-11-18T14:23:03.446Z",
      "user": 5,
      "product": 2,
      "form_message": "kekek",
      "rate": 0
    }
  },
  {
    "model": "prod.comment",
    "pk": 28,
    "fields": {
      "time_post": "2017-11-19T18:52:39.757Z",
      "time_edit": "2017-11-19T18:52:39.757Z",
      "user": 2,
      "product": 2,
      "form_message": "pidor",
      "rate": 0
    }
  },
  {
    "model": "prod.comment",
    "pk": 29,
    "fields": {
      "time_post": "2017-11-20T11:22:29.302Z",
      "time_edit": "2017-11-20T11:22:29.302Z",
      "user": 5,
      "product": 3,
      "form_message": "keke",
      "rate": 0
    }
  },
  {
    "model": "prod.comment",
    "pk": 30,
    "fields": {
      "time_post": "2017-11-20T13:57:30.353Z",
      "time_edit": "2017-11-20T13:57:30.353Z",
      "user": 5,
      "product": 2,
      "form_message": "dfsfs",
      "rate": 0
    }
  },
  {
    "model": "prod.comment",
    "pk": 31,
    "fields": {
      "time_post": "2017-11-20T14:01:24.330Z",
      "time_edit": "2017-11-20T14:01:24.330Z",
      "user": 5,
      "product": 2,
      "form_message": "ignore",
      "rate": 0
    }
  },
  {
    "model": "prod.comment",
    "pk": 32,
    "fields": {
      "time_post": "2017-11-23T22:42:07.191Z",
      "time_edit": "2017-11-23T22:42:07.191Z",
      "user": 2,
      "product": 3,
      "form_message": "sfsfsf55",
      "rate": 0
    }
  },
  {
    "model": "prod.comment",
    "pk": 33,
    "fields": {
      "time_post": "2017-11-23T22:42:19.967Z",
      "time_edit": "2017-11-23T22:42:19.967Z",
      "user": 2,
      "product": 2,
      "form_message": "fffff",
      "rate": 0
    }
  },
  {
    "model": "prod.comment",
    "pk": 34,
    "fields": {
      "time_post": "2017-11-24T11:55:42.110Z",
      "time_edit": "2017-11-24T11:55:42.110Z",
      "user": 2,
      "product": 2,
      "form_message": "3",
      "rate": 0
    }
  },
  {
    "model": "prod.comment",
    "pk": 35,
    "fields": {
      "time_post": "2017-11-24T12:07:56.185Z",
      "time_edit": "2017-11-24T12:07:56.185Z",
      "user": 2,
      "product": 2,
      "form_message": "sfdfsfd",
      "rate": 0
    }
  },
  {
    "model": "prod.comment",
    "pk": 36,
    "fields": {
      "time_post": "2017-11-24T16:07:48.261Z",
      "time_edit": "2017-11-24T16:07:48.261Z",
      "user": 2,
      "product": 2,
      "form_message": "sfsfsf",
      "rate": 0
    }
  },
  {
    "model": "prod.comment",
    "pk": 37,
    "fields": {
      "time_post": "2017-11-24T16:43:19.384Z",
      "time_edit": "2017-11-24T16:43:19.384Z",
      "user": 2,
      "product": 2,
      "form_message": "fsf",
      "rate": 0
    }
  },
  {
    "model": "prod.comment",
    "pk": 38,
    "fields": {
      "time_post": "2017-11-24T16:43:28.242Z",
      "time_edit": "2017-11-24T16:43:28.242Z",
      "user": 2,
      "product": 2,
      "form_message": "fdfdf",
      "rate": 0
    }
  },
  {
    "model": "prod.comment",
    "pk": 39,
    "fields": {
      "time_post": "2017-11-24T17:42:46.120Z",
      "time_edit": "2017-11-24T17:42:46.120Z",
      "user": 2,
      "product": 2,
      "form_message": "sfs44",
      "rate": 0
    }
  },
  {
    "model": "prod.comment",
    "pk": 40,
    "fields": {
      "time_post": "2017-11-24T17:42:55.422Z",
      "time_edit": "2017-11-24T17:42:55.422Z",
      "user": 2,
      "product": 2,
      "form_message": "333",
      "rate": 0
    }
  },
  {
    "model": "prod.comment",
    "pk": 41,
    "fields": {
      "time_post": "2017-11-28T10:04:58.927Z",
      "time_edit": "2017-11-28T10:04:58.928Z",
      "user": 2,
      "product": 2,
      "form_message": "ura",
      "rate": 0
    }
  },
  {
    "model": "prod.comment",
    "pk": 42,
    "fields": {
      "time_post": "2017-11-28T22:13:17.859Z",
      "time_edit": "2017-11-28T22:13:17.859Z",
      "user": 2,
      "product": 2,
      "form_message": "fsfsf",
      "rate": 0
    }
  },
  {
    "model": "prod.vote",
    "pk": 6,
    "fields": {
      "product": 2,
      "author": 2,
      "rate": true
    }
  },
  {
    "model": "prod.vote",
    "pk": 7,
    "fields": {
      "product": 2,
      "author": 5,
      "rate": true
    }
  },
  {
    "model": "prod.vote",
    "pk": 8,
    "fields": {
      "product": 3,
      "author": 5,
      "rate": true
    }
  },
  {
    "model": "prod.vote",
    "pk": 9,
    "fields": {
      "product": 3,
      "author": 2,
      "rate": true
    }
  },
  {
    "model": "socialaccount.socialaccount",
    "pk": 4,
    "fields": {
      "user": 5,
      "provider": "facebook",
      "uid": "1881333512140401",
      "last_login": "2017-11-20T14:26:40.296Z",
      "date_joined": "2017-11-17T23:24:10.338Z",
      "extra_data": "{\"id\": \"1881333512140401\", \"email\": \"andrekropes@yandex.ru\", \"name\": \"\\u0410\\u043d\\u0434\\u0440\\u0435\\u0439 \\u041a\\u0440\\u043e\\u043f\\u0438\\u0432\\u0430\", \"first_name\": \"\\u0410\\u043d\\u0434\\u0440\\u0435\\u0439\", \"last_name\": \"\\u041a\\u0440\\u043e\\u043f\\u0438\\u0432\\u0430\", \"verified\": true, \"locale\": \"ru_RU\", \"timezone\": 2, \"link\": \"https://www.facebook.com/app_scoped_user_id/1881333512140401/\", \"gender\": \"male\", \"updated_time\": \"2017-08-09T16:00:13+0000\"}"
    }
  },
  {
    "model": "account.emailaddress",
    "pk": 4,
    "fields": {
      "user": 5,
      "email": "andrekropes@yandex.ru",
      "verified": false,
      "primary": true
    }
  },
  {
    "model": "admin.logentry",
    "pk": 17,
    "fields": {
      "action_time": "2017-11-15T08:37:37.750Z",
      "user": 2,
      "content_type": 25,
      "object_id": "2",
      "object_repr": "SocialApp",
      "action_flag": 1,
      "change_message": "[{\"added\": {}}]"
    }
  },
  {
    "model": "admin.logentry",
    "pk": 18,
    "fields": {
      "action_time": "2017-11-15T08:38:01.744Z",
      "user": 2,
      "content_type": 22,
      "object_id": "2",
      "object_repr": "localhost:8000",
      "action_flag": 1,
      "change_message": "[{\"added\": {}}]"
    }
  },
  {
    "model": "admin.logentry",
    "pk": 19,
    "fields": {
      "action_time": "2017-11-15T08:38:13.636Z",
      "user": 2,
      "content_type": 22,
      "object_id": "1",
      "object_repr": "example.com",
      "action_flag": 3,
      "change_message": ""
    }
  },
  {
    "model": "admin.logentry",
    "pk": 20,
    "fields": {
      "action_time": "2017-11-15T08:38:27.145Z",
      "user": 2,
      "content_type": 25,
      "object_id": "2",
      "object_repr": "SocialApp",
      "action_flag": 2,
      "change_message": "[{\"changed\": {\"fields\": [\"sites\"]}}]"
    }
  },
  {
    "model": "admin.logentry",
    "pk": 21,
    "fields": {
      "action_time": "2017-11-15T08:39:03.331Z",
      "user": 2,
      "content_type": 22,
      "object_id": "2",
      "object_repr": "http://localhost:8000",
      "action_flag": 2,
      "change_message": "[{\"changed\": {\"fields\": [\"domain\"]}}]"
    }
  },
  {
    "model": "admin.logentry",
    "pk": 22,
    "fields": {
      "action_time": "2017-11-15T08:40:13.182Z",
      "user": 2,
      "content_type": 22,
      "object_id": "2",
      "object_repr": "http://localhost:8000/",
      "action_flag": 2,
      "change_message": "[{\"changed\": {\"fields\": [\"domain\", \"name\"]}}]"
    }
  },
  {
    "model": "admin.logentry",
    "pk": 23,
    "fields": {
      "action_time": "2017-11-15T08:41:37.448Z",
      "user": 2,
      "content_type": 25,
      "object_id": "2",
      "object_repr": "SocialApp",
      "action_flag": 2,
      "change_message": "[]"
    }
  },
  {
    "model": "admin.logentry",
    "pk": 24,
    "fields": {
      "action_time": "2017-11-17T23:06:42.779Z",
      "user": 2,
      "content_type": 26,
      "object_id": "2",
      "object_repr": "andrekropes",
      "action_flag": 3,
      "change_message": ""
    }
  },
  {
    "model": "admin.logentry",
    "pk": 25,
    "fields": {
      "action_time": "2017-11-17T23:09:26.240Z",
      "user": 2,
      "content_type": 29,
      "object_id": "3",
      "object_repr": "andrekropes",
      "action_flag": 3,
      "change_message": ""
    }
  },
  {
    "model": "admin.logentry",
    "pk": 26,
    "fields": {
      "action_time": "2017-11-17T23:23:10.182Z",
      "user": 2,
      "content_type": 26,
      "object_id": "3",
      "object_repr": "andrekropes",
      "action_flag": 3,
      "change_message": ""
    }
  },
  {
    "model": "admin.logentry",
    "pk": 27,
    "fields": {
      "action_time": "2017-11-17T23:23:43.124Z",
      "user": 2,
      "content_type": 29,
      "object_id": "4",
      "object_repr": "andrekropes",
      "action_flag": 3,
      "change_message": ""
    }
  },
  {
    "model": "admin.logentry",
    "pk": 28,
    "fields": {
      "action_time": "2017-11-18T00:52:46.871Z",
      "user": 2,
      "content_type": 28,
      "object_id": "2",
      "object_repr": "iPhone X",
      "action_flag": 1,
      "change_message": "[{\"added\": {}}]"
    }
  },
  {
    "model": "admin.logentry",
    "pk": 29,
    "fields": {
      "action_time": "2017-11-18T00:54:12.084Z",
      "user": 2,
      "content_type": 28,
      "object_id": "2",
      "object_repr": "iPhone X",
      "action_flag": 2,
      "change_message": "[]"
    }
  },
  {
    "model": "admin.logentry",
    "pk": 30,
    "fields": {
      "action_time": "2017-11-18T01:22:23.103Z",
      "user": 2,
      "content_type": 31,
      "object_id": "4",
      "object_repr": "Vote object",
      "action_flag": 3,
      "change_message": ""
    }
  },
  {
    "model": "admin.logentry",
    "pk": 31,
    "fields": {
      "action_time": "2017-11-18T01:22:23.111Z",
      "user": 2,
      "content_type": 31,
      "object_id": "3",
      "object_repr": "Vote object",
      "action_flag": 3,
      "change_message": ""
    }
  },
  {
    "model": "admin.logentry",
    "pk": 32,
    "fields": {
      "action_time": "2017-11-18T01:28:34.884Z",
      "user": 2,
      "content_type": 31,
      "object_id": "5",
      "object_repr": "Vote object",
      "action_flag": 3,
      "change_message": ""
    }
  },
  {
    "model": "admin.logentry",
    "pk": 33,
    "fields": {
      "action_time": "2017-11-19T18:38:31.069Z",
      "user": 2,
      "content_type": 28,
      "object_id": "3",
      "object_repr": "Samsung Galaxy Note 8",
      "action_flag": 1,
      "change_message": "[{\"added\": {}}]"
    }
  },
  {
    "model": "admin.logentry",
    "pk": 34,
    "fields": {
      "action_time": "2017-11-20T14:26:07.114Z",
      "user": 2,
      "content_type": 22,
      "object_id": "2",
      "object_repr": "localhost:8000",
      "action_flag": 2,
      "change_message": "[{\"changed\": {\"fields\": [\"domain\"]}}]"
    }
  },
  {
    "model": "admin.logentry",
    "pk": 35,
    "fields": {
      "action_time": "2017-11-28T11:26:33.381Z",
      "user": 2,
      "content_type": 28,
      "object_id": "2",
      "object_repr": "iPhone X",
      "action_flag": 2,
      "change_message": "[{\"changed\": {\"fields\": [\"cover\"]}}]"
    }
  },
  {
    "model": "admin.logentry",
    "pk": 36,
    "fields": {
      "action_time": "2017-11-28T11:39:58.502Z",
      "user": 2,
      "content_type": 28,
      "object_id": "3",
      "object_repr": "Samsung Galaxy Note 8",
      "action_flag": 2,
      "change_message": "[{\"changed\": {\"fields\": [\"cover\"]}}]"
    }
  },
  {
    "model": "admin.logentry",
    "pk": 37,
    "fields": {
      "action_time": "2017-11-28T11:45:46.767Z",
      "user": 2,
      "content_type": 29,
      "object_id": "2",
      "object_repr": "krop",
      "action_flag": 2,
      "change_message": "[{\"changed\": {\"fields\": [\"bio\", \"cover\"]}}]"
    }
  },
  {
    "model": "admin.logentry",
    "pk": 38,
    "fields": {
      "action_time": "2017-11-28T21:37:14.506Z",
      "user": 2,
      "content_type": 28,
      "object_id": "3",
      "object_repr": "Samsung Galaxy Note 8",
      "action_flag": 2,
      "change_message": "[{\"changed\": {\"fields\": [\"cover\"]}}]"
    }
  },
  {
    "model": "admin.logentry",
    "pk": 39,
    "fields": {
      "action_time": "2017-11-28T21:37:47.675Z",
      "user": 2,
      "content_type": 28,
      "object_id": "2",
      "object_repr": "iPhone X",
      "action_flag": 2,
      "change_message": "[{\"changed\": {\"fields\": [\"cover\"]}}]"
    }
  },
  {
    "model": "admin.logentry",
    "pk": 40,
    "fields": {
      "action_time": "2017-11-28T21:56:15.184Z",
      "user": 2,
      "content_type": 28,
      "object_id": "2",
      "object_repr": "iPhone X",
      "action_flag": 2,
      "change_message": "[{\"changed\": {\"fields\": [\"cover\"]}}]"
    }
  },
  {
    "model": "admin.logentry",
    "pk": 41,
    "fields": {
      "action_time": "2017-11-28T21:57:42.367Z",
      "user": 2,
      "content_type": 28,
      "object_id": "2",
      "object_repr": "iPhone X",
      "action_flag": 2,
      "change_message": "[{\"changed\": {\"fields\": [\"cover\"]}}]"
    }
  },
  {
    "model": "admin.logentry",
    "pk": 42,
    "fields": {
      "action_time": "2017-11-28T22:08:02.394Z",
      "user": 2,
      "content_type": 28,
      "object_id": "2",
      "object_repr": "iPhone X",
      "action_flag": 2,
      "change_message": "[{\"changed\": {\"fields\": [\"cover\"]}}]"
    }
  },
  {
    "model": "admin.logentry",
    "pk": 43,
    "fields": {
      "action_time": "2017-11-28T22:08:56.002Z",
      "user": 2,
      "content_type": 28,
      "object_id": "3",
      "object_repr": "Samsung Galaxy Note 8",
      "action_flag": 2,
      "change_message": "[{\"changed\": {\"fields\": [\"cover\"]}}]"
    }
  },
  {
    "model": "admin.logentry",
    "pk": 44,
    "fields": {
      "action_time": "2017-11-28T22:10:49.508Z",
      "user": 2,
      "content_type": 29,
      "object_id": "2",
      "object_repr": "krop",
      "action_flag": 2,
      "change_message": "[{\"changed\": {\"fields\": [\"cover\"]}}]"
    }
  }
]